<?xml version="1.0" encoding="UTF-8"?>
<beans xmlns="http://www.springframework.org/schema/beans"
       xmlns:xsi="http://www.w3.org/2001/XMLSchema-instance"
       xmlns:context="http://www.springframework.org/schema/context"
       xsi:schemaLocation="http://www.springframework.org/schema/beans http://www.springframework.org/schema/beans/spring-beans.xsd http://www.springframework.org/schema/context http://www.springframework.org/schema/context/spring-context.xsd">

    <bean id="preProcessor" class="edu.school21.PreProcessorToUpperImpl">
    </bean>
    <bean id="renderer" class="edu.school21.RenderErrImpl">
        <constructor-arg name="preProcessor" ref="preProcessor"/>
    </bean>
    <bean id="printerWithPrefix" class="edu.school21.PrinterWithPrefixImpl">
        <constructor-arg name="renderer" ref="renderer"/>
        <property name="prefix" value="LA_LA_LA "/>
    </bean>

    <bean id="upper" class="edu.school21.PreProcessorToLowerImpl">
    </bean>
    <bean id="renderer1" class="edu.school21.RenderErrImpl">
        <constructor-arg name="preProcessor" ref="upper"/>
    </bean>
    <bean id="printerWithPrefix1" class="edu.school21.PrinterWithPrefixImpl">
        <constructor-arg name="renderer" ref="renderer1"/>
        <property name="prefix" value="LA_LA_LA "/>
    </bean>

</beans>