<?xml version="1.0" encoding="UTF-8"?>
<beans xmlns="http://www.springframework.org/schema/beans"
       xmlns:xsi="http://www.w3.org/2001/XMLSchema-instance"
       xmlns:context="http://www.springframework.org/schema/context"
       xsi:schemaLocation="http://www.springframework.org/schema/beans http://www.springframework.org/schema/beans/spring-beans.xsd http://www.springframework.org/schema/context http://www.springframework.org/schema/context/spring-context.xsd">


<bean class="org.springframework.context.support.PropertySourcesPlaceholderConfigurer">
    <property name="location">
        <value>classpath:db.properties</value>
    </property>
</bean>

<bean id="dataSourceJdbc" class="org.springframework.jdbc.datasource.DriverManagerDataSource">
    <property name="driverClassName" value="${db.driver.name}"/>
    <property name="url" value="${db.url}"/>
    <property name="username" value="${db.user}"/>
    <property name="password" value="${db.password}"/>
</bean>

<bean id="hikari" class="com.zaxxer.hikari.HikariConfig">
    <property name="driverClassName" value="${db.driver.name}"/>
    <property name="jdbcUrl" value="${db.url}"/>
    <property name="username" value="${db.user}"/>
    <property name="password" value="${db.password}"/>
</bean>

<bean id="hikariDatasource" class="com.zaxxer.hikari.HikariDataSource">
    <constructor-arg name="configuration" ref="hikari"></constructor-arg>
</bean>

<bean id="usersRepositoryJdbc" class="school21.spring.service.repositories.UsersRepositoryJdbcImpl">
    <constructor-arg name="dataSource" ref="hikariDatasource"/>
</bean>

<bean id="usersRepositoryJdbcTemplate" class="school21.spring.service.repositories.UsersRepositoryJdbcTemplateImpl">
    <constructor-arg name="dataSource" ref="dataSourceJdbc"/>
</bean>

</beans>